position_pair,source_position,target_position,source_state_id,target_state_id,count,probability_from_source_within_position,basin_id,side,miss_count,control_count,mixed_label,source_band,target_band,source_R_face,target_R_face,source_front,target_front,source_chain_status,target_chain_status,source_transition_k,target_transition_k,source_residue32,target_residue32,bundle_string,delta_pattern,source_face,target_face,example_trajectory_ids
-1->0,-1,0,S031,S016,52,1.0,B001,mixed,26,26,mixed,8-15,4-7,9->4,4->0,lower_edge_front,lower_edge_front,avoid,caught,5,4,9->4,4->0,all_except_front,band:8-15->4-7|R_before:9->4|R_after:4->0|transition_k:5->4|exit_distance:1->0|front:lower_edge_front->lower_edge_front|chain_status:avoid->caught|residue16:9->4->4->0|residue32:9->4->4->0,8-15|R:9->4|k:5|d:1|lower_edge_front|avoid|r32:9->4,4-7|R:4->0|k:4|d:0|lower_edge_front|caught|r32:4->0,miss:2289|control:4551|miss:4578|control:4551|miss:4579|control:4551|miss:5152|control:4551|miss:50031|control:4551
-1->0,-1,0,S031,S016,16,1.0,B002,mixed,8,8,mixed,8-15,4-7,9->4,4->0,lower_edge_front,lower_edge_front,avoid,caught,5,4,9->4,4->0,all_except_front,band:8-15->4-7|R_before:9->4|R_after:4->0|transition_k:5->4|exit_distance:1->0|front:lower_edge_front->lower_edge_front|chain_status:avoid->caught|residue16:9->4->4->0|residue32:9->4->4->0,8-15|R:9->4|k:5|d:1|lower_edge_front|avoid|r32:9->4,4-7|R:4->0|k:4|d:0|lower_edge_front|caught|r32:4->0,miss:50114|control:555169|miss:50115|control:555169|miss:50130|control:555169|miss:50131|control:555169|miss:50139|control:555169
-1->0,-1,0,S032,S015,8,1.0,B003,mixed,4,4,mixed,8-15,4-7,9->7,4->0,lower_edge_front,lower_edge_front,avoid,avoid_then_caught,2,4,9->7,4->0,all_except_front,band:8-15->4-7|R_before:9->4|R_after:7->0|transition_k:2->4|exit_distance:1->0|front:lower_edge_front->lower_edge_front|chain_status:avoid->avoid_then_caught|residue16:9->7->4->0|residue32:9->7->4->0,8-15|R:9->7|k:2|d:1|lower_edge_front|avoid|r32:9->7,4-7|R:4->0|k:4|d:0|lower_edge_front|avoid_then_caught|r32:4->0,miss:93260|control:50331|miss:373032|control:50331|miss:805887|control:50331|miss:981221|control:50331
-1->0,-1,0,S032,S015,24,1.0,B004,mixed,12,12,mixed,8-15,4-7,9->7,4->0,lower_edge_front,lower_edge_front,avoid,avoid_then_caught,2,4,9->7,4->0,all_except_front,band:8-15->4-7|R_before:9->4|R_after:7->0|transition_k:2->4|exit_distance:1->0|front:lower_edge_front->lower_edge_front|chain_status:avoid->avoid_then_caught|residue16:9->7->4->0|residue32:9->7->4->0,8-15|R:9->7|k:2|d:1|lower_edge_front|avoid|r32:9->7,4-7|R:4->0|k:4|d:0|lower_edge_front|avoid_then_caught|r32:4->0,miss:50296|control:618657|miss:50298|control:618657|miss:4771|control:618657|miss:50270|control:618657|miss:50271|control:618657
-2->-1,-2,-1,S011,S031,52,1.0,B001,mixed,26,26,mixed,16-31,8-15,18->14,9->4,near_exit_front,lower_edge_front,avoid,avoid,4,5,18->14,9->4,all_except_chain_status,band:16-31->8-15|R_before:18->9|R_after:14->4|transition_k:4->5|exit_distance:2->1|front:near_exit_front->lower_edge_front|chain_status:avoid->avoid|residue16:2->14->9->4|residue32:18->14->9->4,16-31|R:18->14|k:4|d:2|near_exit_front|avoid|r32:18->14,8-15|R:9->4|k:5|d:1|lower_edge_front|avoid|r32:9->4,miss:2289|control:4551|miss:4578|control:4551|miss:4579|control:4551|miss:5152|control:4551|miss:50031|control:4551
-2->-1,-2,-1,S011,S031,16,1.0,B002,mixed,8,8,mixed,16-31,8-15,18->14,9->4,near_exit_front,lower_edge_front,avoid,avoid,4,5,18->14,9->4,all_except_chain_status,band:16-31->8-15|R_before:18->9|R_after:14->4|transition_k:4->5|exit_distance:2->1|front:near_exit_front->lower_edge_front|chain_status:avoid->avoid|residue16:2->14->9->4|residue32:18->14->9->4,16-31|R:18->14|k:4|d:2|near_exit_front|avoid|r32:18->14,8-15|R:9->4|k:5|d:1|lower_edge_front|avoid|r32:9->4,miss:50114|control:555169|miss:50115|control:555169|miss:50130|control:555169|miss:50131|control:555169|miss:50139|control:555169
-2->-1,-2,-1,S011,S032,8,1.0,B003,mixed,4,4,mixed,16-31,8-15,18->14,9->7,near_exit_front,lower_edge_front,avoid,avoid,4,2,18->14,9->7,all_except_chain_status,band:16-31->8-15|R_before:18->9|R_after:14->7|transition_k:4->2|exit_distance:2->1|front:near_exit_front->lower_edge_front|chain_status:avoid->avoid|residue16:2->14->9->7|residue32:18->14->9->7,16-31|R:18->14|k:4|d:2|near_exit_front|avoid|r32:18->14,8-15|R:9->7|k:2|d:1|lower_edge_front|avoid|r32:9->7,miss:93260|control:50331|miss:373032|control:50331|miss:805887|control:50331|miss:981221|control:50331
-2->-1,-2,-1,S010,S032,24,1.0,B004,mixed,12,12,mixed,16-31,8-15,17->15,9->7,lower_edge_front,lower_edge_front,avoid,avoid,2,2,17->15,9->7,band+R_before+R_after+residue16+residue32,band:16-31->8-15|R_before:17->9|R_after:15->7|transition_k:2->2|exit_distance:1->1|front:lower_edge_front->lower_edge_front|chain_status:avoid->avoid|residue16:1->15->9->7|residue32:17->15->9->7,16-31|R:17->15|k:2|d:1|lower_edge_front|avoid|r32:17->15,8-15|R:9->7|k:2|d:1|lower_edge_front|avoid|r32:9->7,miss:50296|control:618657|miss:50298|control:618657|miss:4771|control:618657|miss:50270|control:618657|miss:50271|control:618657
-3->-2,-3,-2,S012,S011,52,1.0,B001,mixed,26,26,mixed,32-63,16-31,32->29,18->14,lower_edge_front,near_exit_front,avoid_then_caught,avoid,3,4,0->29,18->14,all_features,band:32-63->16-31|R_before:32->18|R_after:29->14|transition_k:3->4|exit_distance:0->2|front:lower_edge_front->near_exit_front|chain_status:avoid_then_caught->avoid|residue16:0->13->2->14|residue32:0->29->18->14,32-63|R:32->29|k:3|d:0|lower_edge_front|avoid_then_caught|r32:0->29,16-31|R:18->14|k:4|d:2|near_exit_front|avoid|r32:18->14,miss:2289|control:4551|miss:4578|control:4551|miss:4579|control:4551|miss:5152|control:4551|miss:50031|control:4551
-3->-2,-3,-2,S013,S011,16,1.0,B002,mixed,8,8,mixed,32-63,16-31,32->30,18->14,lower_edge_front,near_exit_front,avoid_then_caught,avoid,2,4,0->30,18->14,all_features,band:32-63->16-31|R_before:32->18|R_after:30->14|transition_k:2->4|exit_distance:0->2|front:lower_edge_front->near_exit_front|chain_status:avoid_then_caught->avoid|residue16:0->14->2->14|residue32:0->30->18->14,32-63|R:32->30|k:2|d:0|lower_edge_front|avoid_then_caught|r32:0->30,16-31|R:18->14|k:4|d:2|near_exit_front|avoid|r32:18->14,miss:50114|control:555169|miss:50115|control:555169|miss:50130|control:555169|miss:50131|control:555169|miss:50139|control:555169
-3->-2,-3,-2,S013,S011,8,1.0,B003,mixed,4,4,mixed,32-63,16-31,32->30,18->14,lower_edge_front,near_exit_front,avoid_then_caught,avoid,2,4,0->30,18->14,all_features,band:32-63->16-31|R_before:32->18|R_after:30->14|transition_k:2->4|exit_distance:0->2|front:lower_edge_front->near_exit_front|chain_status:avoid_then_caught->avoid|residue16:0->14->2->14|residue32:0->30->18->14,32-63|R:32->30|k:2|d:0|lower_edge_front|avoid_then_caught|r32:0->30,16-31|R:18->14|k:4|d:2|near_exit_front|avoid|r32:18->14,miss:93260|control:50331|miss:373032|control:50331|miss:805887|control:50331|miss:981221|control:50331
-3->-2,-3,-2,S014,S010,24,1.0,B004,mixed,12,12,mixed,32-63,16-31,33->31,17->15,lower_edge_front,lower_edge_front,avoid_then_caught,avoid,2,2,1->31,17->15,band+R_before+R_after+chain_status+residue32,band:32-63->16-31|R_before:33->17|R_after:31->15|transition_k:2->2|exit_distance:1->1|front:lower_edge_front->lower_edge_front|chain_status:avoid_then_caught->avoid|residue16:1->15->1->15|residue32:1->31->17->15,32-63|R:33->31|k:2|d:1|lower_edge_front|avoid_then_caught|r32:1->31,16-31|R:17->15|k:2|d:1|lower_edge_front|avoid|r32:17->15,miss:50296|control:618657|miss:50298|control:618657|miss:4771|control:618657|miss:50270|control:618657|miss:50271|control:618657
-4->-3,-4,-3,S017,S012,40,1.0,B001,mixed,14,26,mixed,64-127,32-63,64->63,32->29,lower_edge_front,lower_edge_front,avoid_then_caught,avoid_then_caught,1,3,0->31,0->29,band+R_before+R_after+transition_k+residue16+residue32,band:64-127->32-63|R_before:64->32|R_after:63->29|transition_k:1->3|exit_distance:0->0|front:lower_edge_front->lower_edge_front|chain_status:avoid_then_caught->avoid_then_caught|residue16:0->15->0->13|residue32:0->31->0->29,64-127|R:64->63|k:1|d:0|lower_edge_front|avoid_then_caught|r32:0->31,32-63|R:32->29|k:3|d:0|lower_edge_front|avoid_then_caught|r32:0->29,control:4551|control:4551|control:4551|control:4551|control:4551|control:4551|control:4551|control:4551|control:4551|control:4551
-4->-3,-4,-3,S020,S012,1,1.0,B001,miss_only,1,0,miss_only,64-127,32-63,67->61,32->29,near_exit_front,lower_edge_front,avoid_then_caught,avoid_then_caught,6,3,3->29,0->29,all_except_chain_status,band:64-127->32-63|R_before:67->32|R_after:61->29|transition_k:6->3|exit_distance:3->0|front:near_exit_front->lower_edge_front|chain_status:avoid_then_caught->avoid_then_caught|residue16:3->13->0->13|residue32:3->29->0->29,64-127|R:67->61|k:6|d:3|near_exit_front|avoid_then_caught|r32:3->29,32-63|R:32->29|k:3|d:0|lower_edge_front|avoid_then_caught|r32:0->29,miss:5162
-4->-3,-4,-3,S021,S012,2,1.0,B001,miss_only,2,0,miss_only,64-127,32-63,67->62,32->29,near_exit_front,lower_edge_front,avoid_then_caught,avoid_then_caught,5,3,3->30,0->29,all_except_chain_status,band:64-127->32-63|R_before:67->32|R_after:62->29|transition_k:5->3|exit_distance:3->0|front:near_exit_front->lower_edge_front|chain_status:avoid_then_caught->avoid_then_caught|residue16:3->14->0->13|residue32:3->30->0->29,64-127|R:67->62|k:5|d:3|near_exit_front|avoid_then_caught|r32:3->30,32-63|R:32->29|k:3|d:0|lower_edge_front|avoid_then_caught|r32:0->29,miss:50172|miss:50173
-4->-3,-4,-3,S023,S012,2,1.0,B001,miss_only,2,0,miss_only,64-127,32-63,67->63,32->29,near_exit_front,lower_edge_front,avoid_then_caught,avoid_then_caught,4,3,3->31,0->29,all_except_chain_status,band:64-127->32-63|R_before:67->32|R_after:63->29|transition_k:4->3|exit_distance:3->0|front:near_exit_front->lower_edge_front|chain_status:avoid_then_caught->avoid_then_caught|residue16:3->15->0->13|residue32:3->31->0->29,64-127|R:67->63|k:4|d:3|near_exit_front|avoid_then_caught|r32:3->31,32-63|R:32->29|k:3|d:0|lower_edge_front|avoid_then_caught|r32:0->29,miss:50031|miss:763681
-4->-3,-4,-3,S026,S012,3,1.0,B001,miss_only,3,0,miss_only,64-127,32-63,68->63,32->29,near_exit_front,lower_edge_front,avoid,avoid_then_caught,5,3,4->31,0->29,all_features,band:64-127->32-63|R_before:68->32|R_after:63->29|transition_k:5->3|exit_distance:4->0|front:near_exit_front->lower_edge_front|chain_status:avoid->avoid_then_caught|residue16:4->15->0->13|residue32:4->31->0->29,64-127|R:68->63|k:5|d:4|near_exit_front|avoid|r32:4->31,32-63|R:32->29|k:3|d:0|lower_edge_front|avoid_then_caught|r32:0->29,miss:2289|miss:4578|miss:5152
-4->-3,-4,-3,S027,S012,1,1.0,B001,miss_only,1,0,miss_only,64-127,32-63,69->61,32->29,near_exit_front,lower_edge_front,avoid,avoid_then_caught,8,3,5->29,0->29,all_features,band:64-127->32-63|R_before:69->32|R_after:61->29|transition_k:8->3|exit_distance:5->0|front:near_exit_front->lower_edge_front|chain_status:avoid->avoid_then_caught|residue16:5->13->0->13|residue32:5->29->0->29,64-127|R:69->61|k:8|d:5|near_exit_front|avoid|r32:5->29,32-63|R:32->29|k:3|d:0|lower_edge_front|avoid_then_caught|r32:0->29,miss:618769
-4->-3,-4,-3,S029,S012,3,1.0,B001,miss_only,3,0,miss_only,64-127,32-63,70->63,32->29,near_exit_front,lower_edge_front,avoid,avoid_then_caught,7,3,6->31,0->29,all_features,band:64-127->32-63|R_before:70->32|R_after:63->29|transition_k:7->3|exit_distance:6->0|front:near_exit_front->lower_edge_front|chain_status:avoid->avoid_then_caught|residue16:6->15->0->13|residue32:6->31->0->29,64-127|R:70->63|k:7|d:6|near_exit_front|avoid|r32:6->31,32-63|R:32->29|k:3|d:0|lower_edge_front|avoid_then_caught|r32:0->29,miss:4579|miss:588592|miss:61239
-4->-3,-4,-3,S017,S013,8,1.0,B002,control_only,0,8,control_only,64-127,32-63,64->63,32->30,lower_edge_front,lower_edge_front,avoid_then_caught,avoid_then_caught,1,2,0->31,0->30,band+R_before+R_after+transition_k+residue16+residue32,band:64-127->32-63|R_before:64->32|R_after:63->30|transition_k:1->2|exit_distance:0->0|front:lower_edge_front->lower_edge_front|chain_status:avoid_then_caught->avoid_then_caught|residue16:0->15->0->14|residue32:0->31->0->30,64-127|R:64->63|k:1|d:0|lower_edge_front|avoid_then_caught|r32:0->31,32-63|R:32->30|k:2|d:0|lower_edge_front|avoid_then_caught|r32:0->30,control:555169|control:555169|control:555169|control:555169|control:555169|control:555169|control:555169|control:555169
-4->-3,-4,-3,S019,S013,2,1.0,B002,miss_only,2,0,miss_only,64-127,32-63,67->60,32->30,near_exit_front,lower_edge_front,avoid_then_caught,avoid_then_caught,7,2,3->28,0->30,all_except_chain_status,band:64-127->32-63|R_before:67->32|R_after:60->30|transition_k:7->2|exit_distance:3->0|front:near_exit_front->lower_edge_front|chain_status:avoid_then_caught->avoid_then_caught|residue16:3->12->0->14|residue32:3->28->0->30,64-127|R:67->60|k:7|d:3|near_exit_front|avoid_then_caught|r32:3->28,32-63|R:32->30|k:2|d:0|lower_edge_front|avoid_then_caught|r32:0->30,miss:50130|miss:50131
-4->-3,-4,-3,S021,S013,1,1.0,B002,miss_only,1,0,miss_only,64-127,32-63,67->62,32->30,near_exit_front,lower_edge_front,avoid_then_caught,avoid_then_caught,5,2,3->30,0->30,all_except_chain_status,band:64-127->32-63|R_before:67->32|R_after:62->30|transition_k:5->2|exit_distance:3->0|front:near_exit_front->lower_edge_front|chain_status:avoid_then_caught->avoid_then_caught|residue16:3->14->0->14|residue32:3->30->0->30,64-127|R:67->62|k:5|d:3|near_exit_front|avoid_then_caught|r32:3->30,32-63|R:32->30|k:2|d:0|lower_edge_front|avoid_then_caught|r32:0->30,miss:50139
-4->-3,-4,-3,S022,S013,1,1.0,B002,miss_only,1,0,miss_only,64-127,32-63,67->62,32->30,near_exit_front,lower_edge_front,caught,avoid_then_caught,5,2,3->30,0->30,all_features,band:64-127->32-63|R_before:67->32|R_after:62->30|transition_k:5->2|exit_distance:3->0|front:near_exit_front->lower_edge_front|chain_status:caught->avoid_then_caught|residue16:3->14->0->14|residue32:3->30->0->30,64-127|R:67->62|k:5|d:3|near_exit_front|caught|r32:3->30,32-63|R:32->30|k:2|d:0|lower_edge_front|avoid_then_caught|r32:0->30,miss:23797
-4->-3,-4,-3,S024,S013,3,1.0,B002,miss_only,3,0,miss_only,64-127,32-63,68->61,32->30,near_exit_front,lower_edge_front,avoid,avoid_then_caught,7,2,4->29,0->30,all_features,band:64-127->32-63|R_before:68->32|R_after:61->30|transition_k:7->2|exit_distance:4->0|front:near_exit_front->lower_edge_front|chain_status:avoid->avoid_then_caught|residue16:4->13->0->14|residue32:4->29->0->30,64-127|R:68->61|k:7|d:4|near_exit_front|avoid|r32:4->29,32-63|R:32->30|k:2|d:0|lower_edge_front|avoid_then_caught|r32:0->30,miss:50114|miss:50115|miss:468724
-4->-3,-4,-3,S030,S013,1,1.0,B002,miss_only,1,0,miss_only,64-127,32-63,71->62,32->30,near_exit_front,lower_edge_front,avoid,avoid_then_caught,9,2,7->30,0->30,all_features,band:64-127->32-63|R_before:71->32|R_after:62->30|transition_k:9->2|exit_distance:7->0|front:near_exit_front->lower_edge_front|chain_status:avoid->avoid_then_caught|residue16:7->14->0->14|residue32:7->30->0->30,64-127|R:71->62|k:9|d:7|near_exit_front|avoid|r32:7->30,32-63|R:32->30|k:2|d:0|lower_edge_front|avoid_then_caught|r32:0->30,miss:50095
-4->-3,-4,-3,S017,S013,4,1.0,B003,control_only,0,4,control_only,64-127,32-63,64->63,32->30,lower_edge_front,lower_edge_front,avoid_then_caught,avoid_then_caught,1,2,0->31,0->30,band+R_before+R_after+transition_k+residue16+residue32,band:64-127->32-63|R_before:64->32|R_after:63->30|transition_k:1->2|exit_distance:0->0|front:lower_edge_front->lower_edge_front|chain_status:avoid_then_caught->avoid_then_caught|residue16:0->15->0->14|residue32:0->31->0->30,64-127|R:64->63|k:1|d:0|lower_edge_front|avoid_then_caught|r32:0->31,32-63|R:32->30|k:2|d:0|lower_edge_front|avoid_then_caught|r32:0->30,control:50331|control:50331|control:50331|control:50331
-4->-3,-4,-3,S021,S013,4,1.0,B003,miss_only,4,0,miss_only,64-127,32-63,67->62,32->30,near_exit_front,lower_edge_front,avoid_then_caught,avoid_then_caught,5,2,3->30,0->30,all_except_chain_status,band:64-127->32-63|R_before:67->32|R_after:62->30|transition_k:5->2|exit_distance:3->0|front:near_exit_front->lower_edge_front|chain_status:avoid_then_caught->avoid_then_caught|residue16:3->14->0->14|residue32:3->30->0->30,64-127|R:67->62|k:5|d:3|near_exit_front|avoid_then_caught|r32:3->30,32-63|R:32->30|k:2|d:0|lower_edge_front|avoid_then_caught|r32:0->30,miss:93260|miss:373032|miss:805887|miss:981221
-4->-3,-4,-3,S018,S014,12,1.0,B004,control_only,0,12,control_only,64-127,32-63,65->63,33->31,lower_edge_front,lower_edge_front,avoid_then_caught,avoid_then_caught,2,2,1->31,1->31,band+R_before+R_after,band:64-127->32-63|R_before:65->33|R_after:63->31|transition_k:2->2|exit_distance:1->1|front:lower_edge_front->lower_edge_front|chain_status:avoid_then_caught->avoid_then_caught|residue16:1->15->1->15|residue32:1->31->1->31,64-127|R:65->63|k:2|d:1|lower_edge_front|avoid_then_caught|r32:1->31,32-63|R:33->31|k:2|d:1|lower_edge_front|avoid_then_caught|r32:1->31,control:618657|control:618657|control:618657|control:618657|control:618657|control:618657|control:618657|control:618657|control:618657|control:618657
-4->-3,-4,-3,S019,S014,1,1.0,B004,miss_only,1,0,miss_only,64-127,32-63,67->60,33->31,near_exit_front,lower_edge_front,avoid_then_caught,avoid_then_caught,7,2,3->28,1->31,all_except_chain_status,band:64-127->32-63|R_before:67->33|R_after:60->31|transition_k:7->2|exit_distance:3->1|front:near_exit_front->lower_edge_front|chain_status:avoid_then_caught->avoid_then_caught|residue16:3->12->1->15|residue32:3->28->1->31,64-127|R:67->60|k:7|d:3|near_exit_front|avoid_then_caught|r32:3->28,32-63|R:33->31|k:2|d:1|lower_edge_front|avoid_then_caught|r32:1->31,miss:603011
-4->-3,-4,-3,S021,S014,3,1.0,B004,miss_only,3,0,miss_only,64-127,32-63,67->62,33->31,near_exit_front,lower_edge_front,avoid_then_caught,avoid_then_caught,5,2,3->30,1->31,all_except_chain_status,band:64-127->32-63|R_before:67->33|R_after:62->31|transition_k:5->2|exit_distance:3->1|front:near_exit_front->lower_edge_front|chain_status:avoid_then_caught->avoid_then_caught|residue16:3->14->1->15|residue32:3->30->1->31,64-127|R:67->62|k:5|d:3|near_exit_front|avoid_then_caught|r32:3->30,32-63|R:33->31|k:2|d:1|lower_edge_front|avoid_then_caught|r32:1->31,miss:4771|miss:452335|miss:694878
-4->-3,-4,-3,S023,S014,2,1.0,B004,miss_only,2,0,miss_only,64-127,32-63,67->63,33->31,near_exit_front,lower_edge_front,avoid_then_caught,avoid_then_caught,4,2,3->31,1->31,all_except_chain_status,band:64-127->32-63|R_before:67->33|R_after:63->31|transition_k:4->2|exit_distance:3->1|front:near_exit_front->lower_edge_front|chain_status:avoid_then_caught->avoid_then_caught|residue16:3->15->1->15|residue32:3->31->1->31,64-127|R:67->63|k:4|d:3|near_exit_front|avoid_then_caught|r32:3->31,32-63|R:33->31|k:2|d:1|lower_edge_front|avoid_then_caught|r32:1->31,miss:50296|miss:50298
-4->-3,-4,-3,S025,S014,2,1.0,B004,miss_only,2,0,miss_only,64-127,32-63,68->62,33->31,near_exit_front,lower_edge_front,avoid,avoid_then_caught,6,2,4->30,1->31,all_features,band:64-127->32-63|R_before:68->33|R_after:62->31|transition_k:6->2|exit_distance:4->1|front:near_exit_front->lower_edge_front|chain_status:avoid->avoid_then_caught|residue16:4->14->1->15|residue32:4->30->1->31,64-127|R:68->62|k:6|d:4|near_exit_front|avoid|r32:4->30,32-63|R:33->31|k:2|d:1|lower_edge_front|avoid_then_caught|r32:1->31,miss:50236|miss:50237
-4->-3,-4,-3,S028,S014,1,1.0,B004,miss_only,1,0,miss_only,64-127,32-63,69->62,33->31,near_exit_front,lower_edge_front,avoid,avoid_then_caught,7,2,5->30,1->31,all_features,band:64-127->32-63|R_before:69->33|R_after:62->31|transition_k:7->2|exit_distance:5->1|front:near_exit_front->lower_edge_front|chain_status:avoid->avoid_then_caught|residue16:5->14->1->15|residue32:5->30->1->31,64-127|R:69->62|k:7|d:5|near_exit_front|avoid|r32:5->30,32-63|R:33->31|k:2|d:1|lower_edge_front|avoid_then_caught|r32:1->31,miss:688089
-4->-3,-4,-3,S029,S014,3,1.0,B004,miss_only,3,0,miss_only,64-127,32-63,70->63,33->31,near_exit_front,lower_edge_front,avoid,avoid_then_caught,7,2,6->31,1->31,all_features,band:64-127->32-63|R_before:70->33|R_after:63->31|transition_k:7->2|exit_distance:6->1|front:near_exit_front->lower_edge_front|chain_status:avoid->avoid_then_caught|residue16:6->15->1->15|residue32:6->31->1->31,64-127|R:70->63|k:7|d:6|near_exit_front|avoid|r32:6->31,32-63|R:33->31|k:2|d:1|lower_edge_front|avoid_then_caught|r32:1->31,miss:50270|miss:50271|miss:476655
-5->-4,-5,-4,S000,S017,26,0.684211,B001,control_only,0,26,control_only,MISSING,64-127,,64->63,,lower_edge_front,,avoid_then_caught,,1,,0->31,all_features,band:MISSING->64-127|R_before:->64|R_after:->63|transition_k:->1|exit_distance:->0|front:->lower_edge_front|chain_status:->avoid_then_caught|residue16:->0->15|residue32:->0->31,MISSING|R:->|k:|d:|||r32:,64-127|R:64->63|k:1|d:0|lower_edge_front|avoid_then_caught|r32:0->31,control:4551|control:4551|control:4551|control:4551|control:4551|control:4551|control:4551|control:4551|control:4551|control:4551
-5->-4,-5,-4,S000,S020,1,0.026316,B001,miss_only,1,0,miss_only,MISSING,64-127,,67->61,,near_exit_front,,avoid_then_caught,,6,,3->29,all_features,band:MISSING->64-127|R_before:->67|R_after:->61|transition_k:->6|exit_distance:->3|front:->near_exit_front|chain_status:->avoid_then_caught|residue16:->3->13|residue32:->3->29,MISSING|R:->|k:|d:|||r32:,64-127|R:67->61|k:6|d:3|near_exit_front|avoid_then_caught|r32:3->29,miss:5162
-5->-4,-5,-4,S000,S021,2,0.052632,B001,miss_only,2,0,miss_only,MISSING,64-127,,67->62,,near_exit_front,,avoid_then_caught,,5,,3->30,all_features,band:MISSING->64-127|R_before:->67|R_after:->62|transition_k:->5|exit_distance:->3|front:->near_exit_front|chain_status:->avoid_then_caught|residue16:->3->14|residue32:->3->30,MISSING|R:->|k:|d:|||r32:,64-127|R:67->62|k:5|d:3|near_exit_front|avoid_then_caught|r32:3->30,miss:50172|miss:50173
-5->-4,-5,-4,S000,S023,2,0.052632,B001,miss_only,2,0,miss_only,MISSING,64-127,,67->63,,near_exit_front,,avoid_then_caught,,4,,3->31,all_features,band:MISSING->64-127|R_before:->67|R_after:->63|transition_k:->4|exit_distance:->3|front:->near_exit_front|chain_status:->avoid_then_caught|residue16:->3->15|residue32:->3->31,MISSING|R:->|k:|d:|||r32:,64-127|R:67->63|k:4|d:3|near_exit_front|avoid_then_caught|r32:3->31,miss:50031|miss:763681
-5->-4,-5,-4,S000,S026,3,0.078947,B001,miss_only,3,0,miss_only,MISSING,64-127,,68->63,,near_exit_front,,avoid,,5,,4->31,all_features,band:MISSING->64-127|R_before:->68|R_after:->63|transition_k:->5|exit_distance:->4|front:->near_exit_front|chain_status:->avoid|residue16:->4->15|residue32:->4->31,MISSING|R:->|k:|d:|||r32:,64-127|R:68->63|k:5|d:4|near_exit_front|avoid|r32:4->31,miss:2289|miss:4578|miss:5152
-5->-4,-5,-4,S000,S027,1,0.026316,B001,miss_only,1,0,miss_only,MISSING,64-127,,69->61,,near_exit_front,,avoid,,8,,5->29,all_features,band:MISSING->64-127|R_before:->69|R_after:->61|transition_k:->8|exit_distance:->5|front:->near_exit_front|chain_status:->avoid|residue16:->5->13|residue32:->5->29,MISSING|R:->|k:|d:|||r32:,64-127|R:69->61|k:8|d:5|near_exit_front|avoid|r32:5->29,miss:618769
-5->-4,-5,-4,S000,S029,3,0.078947,B001,miss_only,3,0,miss_only,MISSING,64-127,,70->63,,near_exit_front,,avoid,,7,,6->31,all_features,band:MISSING->64-127|R_before:->70|R_after:->63|transition_k:->7|exit_distance:->6|front:->near_exit_front|chain_status:->avoid|residue16:->6->15|residue32:->6->31,MISSING|R:->|k:|d:|||r32:,64-127|R:70->63|k:7|d:6|near_exit_front|avoid|r32:6->31,miss:4579|miss:588592|miss:61239
-5->-4,-5,-4,S004,S017,1,1.0,B001,miss_only,1,0,miss_only,128-255,64-127,131->125,64->63,near_exit_front,lower_edge_front,caught,avoid_then_caught,6,1,3->29,0->31,all_features,band:128-255->64-127|R_before:131->64|R_after:125->63|transition_k:6->1|exit_distance:3->0|front:near_exit_front->lower_edge_front|chain_status:caught->avoid_then_caught|residue16:3->13->0->15|residue32:3->29->0->31,128-255|R:131->125|k:6|d:3|near_exit_front|caught|r32:3->29,64-127|R:64->63|k:1|d:0|lower_edge_front|avoid_then_caught|r32:0->31,miss:839951
-5->-4,-5,-4,S005,S017,3,1.0,B001,miss_only,3,0,miss_only,128-255,64-127,131->126,64->63,near_exit_front,lower_edge_front,avoid_then_caught,avoid_then_caught,5,1,3->30,0->31,all_except_chain_status,band:128-255->64-127|R_before:131->64|R_after:126->63|transition_k:5->1|exit_distance:3->0|front:near_exit_front->lower_edge_front|chain_status:avoid_then_caught->avoid_then_caught|residue16:3->14->0->15|residue32:3->30->0->31,128-255|R:131->126|k:5|d:3|near_exit_front|avoid_then_caught|r32:3->30,64-127|R:64->63|k:1|d:0|lower_edge_front|avoid_then_caught|r32:0->31,miss:802015|miss:956887|miss:878747
-5->-4,-5,-4,S006,S017,3,1.0,B001,miss_only,3,0,miss_only,128-255,64-127,131->127,64->63,near_exit_front,lower_edge_front,avoid_then_caught,avoid_then_caught,4,1,3->31,0->31,all_except_chain_status,band:128-255->64-127|R_before:131->64|R_after:127->63|transition_k:4->1|exit_distance:3->0|front:near_exit_front->lower_edge_front|chain_status:avoid_then_caught->avoid_then_caught|residue16:3->15->0->15|residue32:3->31->0->31,128-255|R:131->127|k:4|d:3|near_exit_front|avoid_then_caught|r32:3->31,64-127|R:64->63|k:1|d:0|lower_edge_front|avoid_then_caught|r32:0->31,miss:718402|miss:650801|miss:739108
-5->-4,-5,-4,S007,S017,2,1.0,B001,miss_only,2,0,miss_only,128-255,64-127,131->127,64->63,near_exit_front,lower_edge_front,caught,avoid_then_caught,4,1,3->31,0->31,all_features,band:128-255->64-127|R_before:131->64|R_after:127->63|transition_k:4->1|exit_distance:3->0|front:near_exit_front->lower_edge_front|chain_status:caught->avoid_then_caught|residue16:3->15->0->15|residue32:3->31->0->31,128-255|R:131->127|k:4|d:3|near_exit_front|caught|r32:3->31,64-127|R:64->63|k:1|d:0|lower_edge_front|avoid_then_caught|r32:0->31,miss:418097|miss:616906
-5->-4,-5,-4,S008,S017,2,1.0,B001,miss_only,2,0,miss_only,128-255,64-127,132->126,64->63,near_exit_front,lower_edge_front,avoid_then_caught,avoid_then_caught,6,1,4->30,0->31,all_except_chain_status,band:128-255->64-127|R_before:132->64|R_after:126->63|transition_k:6->1|exit_distance:4->0|front:near_exit_front->lower_edge_front|chain_status:avoid_then_caught->avoid_then_caught|residue16:4->14->0->15|residue32:4->30->0->31,128-255|R:132->126|k:6|d:4|near_exit_front|avoid_then_caught|r32:4->30,64-127|R:64->63|k:1|d:0|lower_edge_front|avoid_then_caught|r32:0->31,miss:412366|miss:514873
-5->-4,-5,-4,S009,S017,3,1.0,B001,miss_only,3,0,miss_only,128-255,64-127,133->127,64->63,near_exit_front,lower_edge_front,avoid_then_caught,avoid_then_caught,6,1,5->31,0->31,all_except_chain_status,band:128-255->64-127|R_before:133->64|R_after:127->63|transition_k:6->1|exit_distance:5->0|front:near_exit_front->lower_edge_front|chain_status:avoid_then_caught->avoid_then_caught|residue16:5->15->0->15|residue32:5->31->0->31,128-255|R:133->127|k:6|d:5|near_exit_front|avoid_then_caught|r32:5->31,64-127|R:64->63|k:1|d:0|lower_edge_front|avoid_then_caught|r32:0->31,miss:50041|miss:926647|miss:84447
-5->-4,-5,-4,S000,S017,8,0.5,B002,control_only,0,8,control_only,MISSING,64-127,,64->63,,lower_edge_front,,avoid_then_caught,,1,,0->31,all_features,band:MISSING->64-127|R_before:->64|R_after:->63|transition_k:->1|exit_distance:->0|front:->lower_edge_front|chain_status:->avoid_then_caught|residue16:->0->15|residue32:->0->31,MISSING|R:->|k:|d:|||r32:,64-127|R:64->63|k:1|d:0|lower_edge_front|avoid_then_caught|r32:0->31,control:555169|control:555169|control:555169|control:555169|control:555169|control:555169|control:555169|control:555169
-5->-4,-5,-4,S000,S019,2,0.125,B002,miss_only,2,0,miss_only,MISSING,64-127,,67->60,,near_exit_front,,avoid_then_caught,,7,,3->28,all_features,band:MISSING->64-127|R_before:->67|R_after:->60|transition_k:->7|exit_distance:->3|front:->near_exit_front|chain_status:->avoid_then_caught|residue16:->3->12|residue32:->3->28,MISSING|R:->|k:|d:|||r32:,64-127|R:67->60|k:7|d:3|near_exit_front|avoid_then_caught|r32:3->28,miss:50130|miss:50131
-5->-4,-5,-4,S000,S021,1,0.0625,B002,miss_only,1,0,miss_only,MISSING,64-127,,67->62,,near_exit_front,,avoid_then_caught,,5,,3->30,all_features,band:MISSING->64-127|R_before:->67|R_after:->62|transition_k:->5|exit_distance:->3|front:->near_exit_front|chain_status:->avoid_then_caught|residue16:->3->14|residue32:->3->30,MISSING|R:->|k:|d:|||r32:,64-127|R:67->62|k:5|d:3|near_exit_front|avoid_then_caught|r32:3->30,miss:50139
-5->-4,-5,-4,S000,S022,1,0.0625,B002,miss_only,1,0,miss_only,MISSING,64-127,,67->62,,near_exit_front,,caught,,5,,3->30,all_features,band:MISSING->64-127|R_before:->67|R_after:->62|transition_k:->5|exit_distance:->3|front:->near_exit_front|chain_status:->caught|residue16:->3->14|residue32:->3->30,MISSING|R:->|k:|d:|||r32:,64-127|R:67->62|k:5|d:3|near_exit_front|caught|r32:3->30,miss:23797
-5->-4,-5,-4,S000,S024,3,0.1875,B002,miss_only,3,0,miss_only,MISSING,64-127,,68->61,,near_exit_front,,avoid,,7,,4->29,all_features,band:MISSING->64-127|R_before:->68|R_after:->61|transition_k:->7|exit_distance:->4|front:->near_exit_front|chain_status:->avoid|residue16:->4->13|residue32:->4->29,MISSING|R:->|k:|d:|||r32:,64-127|R:68->61|k:7|d:4|near_exit_front|avoid|r32:4->29,miss:50114|miss:50115|miss:468724
-5->-4,-5,-4,S000,S030,1,0.0625,B002,miss_only,1,0,miss_only,MISSING,64-127,,71->62,,near_exit_front,,avoid,,9,,7->30,all_features,band:MISSING->64-127|R_before:->71|R_after:->62|transition_k:->9|exit_distance:->7|front:->near_exit_front|chain_status:->avoid|residue16:->7->14|residue32:->7->30,MISSING|R:->|k:|d:|||r32:,64-127|R:71->62|k:9|d:7|near_exit_front|avoid|r32:7->30,miss:50095
-5->-4,-5,-4,S000,S021,3,1.0,B003,miss_only,3,0,miss_only,MISSING,64-127,,67->62,,near_exit_front,,avoid_then_caught,,5,,3->30,all_features,band:MISSING->64-127|R_before:->67|R_after:->62|transition_k:->5|exit_distance:->3|front:->near_exit_front|chain_status:->avoid_then_caught|residue16:->3->14|residue32:->3->30,MISSING|R:->|k:|d:|||r32:,64-127|R:67->62|k:5|d:3|near_exit_front|avoid_then_caught|r32:3->30,miss:93260|miss:373032|miss:981221
-5->-4,-5,-4,S001,S021,1,1.0,B003,miss_only,1,0,miss_only,128-255,64-127,128->127,67->62,lower_edge_front,near_exit_front,caught,avoid_then_caught,1,5,0->31,3->30,all_features,band:128-255->64-127|R_before:128->67|R_after:127->62|transition_k:1->5|exit_distance:0->3|front:lower_edge_front->near_exit_front|chain_status:caught->avoid_then_caught|residue16:0->15->3->14|residue32:0->31->3->30,128-255|R:128->127|k:1|d:0|lower_edge_front|caught|r32:0->31,64-127|R:67->62|k:5|d:3|near_exit_front|avoid_then_caught|r32:3->30,miss:805887
-5->-4,-5,-4,S003,S017,4,1.0,B003,control_only,0,4,control_only,128-255,64-127,129->127,64->63,lower_edge_front,lower_edge_front,caught,avoid_then_caught,2,1,1->31,0->31,all_except_front,band:128-255->64-127|R_before:129->64|R_after:127->63|transition_k:2->1|exit_distance:1->0|front:lower_edge_front->lower_edge_front|chain_status:caught->avoid_then_caught|residue16:1->15->0->15|residue32:1->31->0->31,128-255|R:129->127|k:2|d:1|lower_edge_front|caught|r32:1->31,64-127|R:64->63|k:1|d:0|lower_edge_front|avoid_then_caught|r32:0->31,control:50331|control:50331|control:50331|control:50331
-5->-4,-5,-4,S000,S018,12,0.521739,B004,control_only,0,12,control_only,MISSING,64-127,,65->63,,lower_edge_front,,avoid_then_caught,,2,,1->31,all_features,band:MISSING->64-127|R_before:->65|R_after:->63|transition_k:->2|exit_distance:->1|front:->lower_edge_front|chain_status:->avoid_then_caught|residue16:->1->15|residue32:->1->31,MISSING|R:->|k:|d:|||r32:,64-127|R:65->63|k:2|d:1|lower_edge_front|avoid_then_caught|r32:1->31,control:618657|control:618657|control:618657|control:618657|control:618657|control:618657|control:618657|control:618657|control:618657|control:618657
-5->-4,-5,-4,S000,S019,1,0.043478,B004,miss_only,1,0,miss_only,MISSING,64-127,,67->60,,near_exit_front,,avoid_then_caught,,7,,3->28,all_features,band:MISSING->64-127|R_before:->67|R_after:->60|transition_k:->7|exit_distance:->3|front:->near_exit_front|chain_status:->avoid_then_caught|residue16:->3->12|residue32:->3->28,MISSING|R:->|k:|d:|||r32:,64-127|R:67->60|k:7|d:3|near_exit_front|avoid_then_caught|r32:3->28,miss:603011
-5->-4,-5,-4,S000,S021,2,0.086957,B004,miss_only,2,0,miss_only,MISSING,64-127,,67->62,,near_exit_front,,avoid_then_caught,,5,,3->30,all_features,band:MISSING->64-127|R_before:->67|R_after:->62|transition_k:->5|exit_distance:->3|front:->near_exit_front|chain_status:->avoid_then_caught|residue16:->3->14|residue32:->3->30,MISSING|R:->|k:|d:|||r32:,64-127|R:67->62|k:5|d:3|near_exit_front|avoid_then_caught|r32:3->30,miss:4771|miss:452335
-5->-4,-5,-4,S000,S023,2,0.086957,B004,miss_only,2,0,miss_only,MISSING,64-127,,67->63,,near_exit_front,,avoid_then_caught,,4,,3->31,all_features,band:MISSING->64-127|R_before:->67|R_after:->63|transition_k:->4|exit_distance:->3|front:->near_exit_front|chain_status:->avoid_then_caught|residue16:->3->15|residue32:->3->31,MISSING|R:->|k:|d:|||r32:,64-127|R:67->63|k:4|d:3|near_exit_front|avoid_then_caught|r32:3->31,miss:50296|miss:50298
-5->-4,-5,-4,S000,S025,2,0.086957,B004,miss_only,2,0,miss_only,MISSING,64-127,,68->62,,near_exit_front,,avoid,,6,,4->30,all_features,band:MISSING->64-127|R_before:->68|R_after:->62|transition_k:->6|exit_distance:->4|front:->near_exit_front|chain_status:->avoid|residue16:->4->14|residue32:->4->30,MISSING|R:->|k:|d:|||r32:,64-127|R:68->62|k:6|d:4|near_exit_front|avoid|r32:4->30,miss:50236|miss:50237
-5->-4,-5,-4,S000,S028,1,0.043478,B004,miss_only,1,0,miss_only,MISSING,64-127,,69->62,,near_exit_front,,avoid,,7,,5->30,all_features,band:MISSING->64-127|R_before:->69|R_after:->62|transition_k:->7|exit_distance:->5|front:->near_exit_front|chain_status:->avoid|residue16:->5->14|residue32:->5->30,MISSING|R:->|k:|d:|||r32:,64-127|R:69->62|k:7|d:5|near_exit_front|avoid|r32:5->30,miss:688089
-5->-4,-5,-4,S000,S029,3,0.130435,B004,miss_only,3,0,miss_only,MISSING,64-127,,70->63,,near_exit_front,,avoid,,7,,6->31,all_features,band:MISSING->64-127|R_before:->70|R_after:->63|transition_k:->7|exit_distance:->6|front:->near_exit_front|chain_status:->avoid|residue16:->6->15|residue32:->6->31,MISSING|R:->|k:|d:|||r32:,64-127|R:70->63|k:7|d:6|near_exit_front|avoid|r32:6->31,miss:50270|miss:50271|miss:476655
-5->-4,-5,-4,S002,S021,1,1.0,B004,miss_only,1,0,miss_only,128-255,64-127,129->127,67->62,lower_edge_front,near_exit_front,avoid_then_caught,avoid_then_caught,2,5,1->31,3->30,all_except_chain_status,band:128-255->64-127|R_before:129->67|R_after:127->62|transition_k:2->5|exit_distance:1->3|front:lower_edge_front->near_exit_front|chain_status:avoid_then_caught->avoid_then_caught|residue16:1->15->3->14|residue32:1->31->3->30,128-255|R:129->127|k:2|d:1|lower_edge_front|avoid_then_caught|r32:1->31,64-127|R:67->62|k:5|d:3|near_exit_front|avoid_then_caught|r32:3->30,miss:694878
